

-- Faculty Data

INSERT INTO faculty (faculty_id, first_name, last_name, department) VALUES (1, 'Marc', 'Martin', 'Computer Science');
INSERT INTO faculty (faculty_id, first_name, last_name, department) VALUES (2, 'Randall', 'Garcia', 'Mathematics');
INSERT INTO faculty (faculty_id, first_name, last_name, department) VALUES (3, 'Diana', 'Weaver', 'Physics');
INSERT INTO faculty (faculty_id, first_name, last_name, department) VALUES (4, 'Eric', 'West', 'Chemistry');
INSERT INTO faculty (faculty_id, first_name, last_name, department) VALUES (5, 'George', 'Braun', 'Chemistry');
INSERT INTO faculty (faculty_id, first_name, last_name, department) VALUES (6, 'Melissa', 'Reed', 'Chemistry');
INSERT INTO faculty (faculty_id, first_name, last_name, department) VALUES (7, 'Mason', 'Davis', 'Computer Science');
INSERT INTO faculty (faculty_id, first_name, last_name, department) VALUES (8, 'Wendy', 'Martinez', 'Biology');
INSERT INTO faculty (faculty_id, first_name, last_name, department) VALUES (9, 'Stacy', 'Simpson', 'Computer Science');
INSERT INTO faculty (faculty_id, first_name, last_name, department) VALUES (10, 'Keith', 'Allen', 'Computer Science');
INSERT INTO faculty (faculty_id, first_name, last_name, department) VALUES (11, 'Robert', 'Ortiz', 'Mathematics');
INSERT INTO faculty (faculty_id, first_name, last_name, department) VALUES (12, 'Crystal', 'Marshall', 'Chemistry');
INSERT INTO faculty (faculty_id, first_name, last_name, department) VALUES (13, 'Jason', 'Hoffman', 'Chemistry');
INSERT INTO faculty (faculty_id, first_name, last_name, department) VALUES (14, 'Laurie', 'Griffin', 'Physics');
INSERT INTO faculty (faculty_id, first_name, last_name, department) VALUES (15, 'Jeffery', 'Logan', 'Computer Science');
INSERT INTO faculty (faculty_id, first_name, last_name, department) VALUES (16, 'Jason', 'Greer', 'Biology');
INSERT INTO faculty (faculty_id, first_name, last_name, department) VALUES (17, 'Jasmine', 'Tanner', 'Physics');
INSERT INTO faculty (faculty_id, first_name, last_name, department) VALUES (18, 'Pamela', 'Smith', 'Mathematics');
INSERT INTO faculty (faculty_id, first_name, last_name, department) VALUES (19, 'Phillip', 'Mendoza', 'Mathematics');
INSERT INTO faculty (faculty_id, first_name, last_name, department) VALUES (20, 'Benjamin', 'Gonzalez', 'Biology');

-- Student Data

INSERT INTO students (student_id, first_name, last_name, dob, department, enrollment_year) VALUES (1, 'Amy', 'Singh', DATE '2002-04-26', 'Physics', 2020);
INSERT INTO students (student_id, first_name, last_name, dob, department, enrollment_year) VALUES (2, 'Jessica', 'Clark', DATE '2003-08-24', 'Physics', 2020);
INSERT INTO students (student_id, first_name, last_name, dob, department, enrollment_year) VALUES (3, 'Jason', 'Freeman', DATE '2003-09-14', 'Biology', 2019);
INSERT INTO students (student_id, first_name, last_name, dob, department, enrollment_year) VALUES (4, 'Kimberly', 'Olsen', DATE '2002-04-10', 'Physics', 2019);
INSERT INTO students (student_id, first_name, last_name, dob, department, enrollment_year) VALUES (5, 'Jessica', 'Shannon', DATE '2002-03-10', 'Chemistry', 2018);
INSERT INTO students (student_id, first_name, last_name, dob, department, enrollment_year) VALUES (6, 'Jose', 'Lutz', DATE '2000-01-10', 'Biology', 2023);
INSERT INTO students (student_id, first_name, last_name, dob, department, enrollment_year) VALUES (7, 'Angela', 'Roberts', DATE '2000-11-12', 'Chemistry', 2018);
INSERT INTO students (student_id, first_name, last_name, dob, department, enrollment_year) VALUES (8, 'Chad', 'Owen', DATE '2000-10-04', 'Computer Science', 2021);
INSERT INTO students (student_id, first_name, last_name, dob, department, enrollment_year) VALUES (9, 'Brenda', 'Schwartz', DATE '1999-09-21', 'Chemistry', 2020);
INSERT INTO students (student_id, first_name, last_name, dob, department, enrollment_year) VALUES (10, 'Richard', 'Bryant', DATE '2001-05-13', 'Chemistry', 2018);
INSERT INTO students (student_id, first_name, last_name, dob, department, enrollment_year) VALUES (11, 'Matthew', 'Pearson', DATE '2005-04-02', 'Biology', 2022);
INSERT INTO students (student_id, first_name, last_name, dob, department, enrollment_year) VALUES (12, 'Lucas', 'Thomas', DATE '2005-10-12', 'Mathematics', 2023);
INSERT INTO students (student_id, first_name, last_name, dob, department, enrollment_year) VALUES (13, 'Jeffery', 'Daniel', DATE '2001-03-16', 'Computer Science', 2020);
INSERT INTO students (student_id, first_name, last_name, dob, department, enrollment_year) VALUES (14, 'Jeffery', 'Williamson', DATE '2005-08-06', 'Chemistry', 2020);
INSERT INTO students (student_id, first_name, last_name, dob, department, enrollment_year) VALUES (15, 'Marc', 'Villa', DATE '2004-06-02', 'Biology', 2021);
INSERT INTO students (student_id, first_name, last_name, dob, department, enrollment_year) VALUES (16, 'Timothy', 'Olson', DATE '2002-11-25', 'Mathematics', 2021);
INSERT INTO students (student_id, first_name, last_name, dob, department, enrollment_year) VALUES (17, 'Erica', 'Maynard', DATE '2004-10-19', 'Chemistry', 2018);
INSERT INTO students (student_id, first_name, last_name, dob, department, enrollment_year) VALUES (18, 'Joshua', 'Grant', DATE '2004-07-12', 'Chemistry', 2023);
INSERT INTO students (student_id, first_name, last_name, dob, department, enrollment_year) VALUES (19, 'Charles', 'Soto', DATE '2001-12-27', 'Mathematics', 2021);
INSERT INTO students (student_id, first_name, last_name, dob, department, enrollment_year) VALUES (20, 'Keith', 'Nicholson', DATE '2001-02-06', 'Physics', 2023);

-- Courses Data

INSERT INTO courses (course_id, course_name, department, credits, faculty_id) VALUES (1, 'Database Systems', 'Mathematics', 3, 12);
INSERT INTO courses (course_id, course_name, department, credits, faculty_id) VALUES (2, 'Algorithms', 'Mathematics', 2, 11);
INSERT INTO courses (course_id, course_name, department, credits, faculty_id) VALUES (3, 'Linear Algebra', 'Computer Science', 4, 19);
INSERT INTO courses (course_id, course_name, department, credits, faculty_id) VALUES (4, 'Quantum Mechanics', 'Physics', 3, 19);
INSERT INTO courses (course_id, course_name, department, credits, faculty_id) VALUES (5, 'Organic Chemistry', 'Mathematics', 4, 16);
INSERT INTO courses (course_id, course_name, department, credits, faculty_id) VALUES (6, 'Cell Biology', 'Chemistry', 3, 16);
INSERT INTO courses (course_id, course_name, department, credits, faculty_id) VALUES (7, 'Data Structures', 'Mathematics', 3, 17);
INSERT INTO courses (course_id, course_name, department, credits, faculty_id) VALUES (8, 'Operating Systems', 'Mathematics', 3, 9);
INSERT INTO courses (course_id, course_name, department, credits, faculty_id) VALUES (9, 'Discrete Math', 'Computer Science', 4, 13);
INSERT INTO courses (course_id, course_name, department, credits, faculty_id) VALUES (10, 'Molecular Biology', 'Physics', 4, 14);
INSERT INTO courses (course_id, course_name, department, credits, faculty_id) VALUES (11, 'Genetics', 'Physics', 4, 12);
INSERT INTO courses (course_id, course_name, department, credits, faculty_id) VALUES (12, 'Statistical Mechanics', 'Computer Science', 4, 20);
INSERT INTO courses (course_id, course_name, department, credits, faculty_id) VALUES (13, 'Differential Equations', 'Computer Science', 4, 9);
INSERT INTO courses (course_id, course_name, department, credits, faculty_id) VALUES (14, 'Software Engineering', 'Mathematics', 2, 12);
INSERT INTO courses (course_id, course_name, department, credits, faculty_id) VALUES (15, 'Artificial Intelligence', 'Biology', 3, 9);
INSERT INTO courses (course_id, course_name, department, credits, faculty_id) VALUES (16, 'Computer Networks', 'Biology', 3, 10);
INSERT INTO courses (course_id, course_name, department, credits, faculty_id) VALUES (17, 'Biochemistry', 'Chemistry', 4, 2);
INSERT INTO courses (course_id, course_name, department, credits, faculty_id) VALUES (18, 'Topology', 'Mathematics', 2, 19);
INSERT INTO courses (course_id, course_name, department, credits, faculty_id) VALUES (19, 'Compiler Design', 'Mathematics', 4, 4);
INSERT INTO courses (course_id, course_name, department, credits, faculty_id) VALUES (20, 'Probability Theory', 'Physics', 3, 13);

-- Enrollment Data

INSERT INTO enrollments (enrollment_id, student_id, course_id, semester, enrollment_date) VALUES (1, 5, 17, 'Spring', SYSDATE - 276);
INSERT INTO enrollments (enrollment_id, student_id, course_id, semester, enrollment_date) VALUES (2, 2, 12, 'Summer', SYSDATE - 884);
INSERT INTO enrollments (enrollment_id, student_id, course_id, semester, enrollment_date) VALUES (3, 1, 5, 'Fall', SYSDATE - 916);
INSERT INTO enrollments (enrollment_id, student_id, course_id, semester, enrollment_date) VALUES (4, 19, 13, 'Fall', SYSDATE - 180);
INSERT INTO enrollments (enrollment_id, student_id, course_id, semester, enrollment_date) VALUES (5, 16, 15, 'Fall', SYSDATE - 627);
INSERT INTO enrollments (enrollment_id, student_id, course_id, semester, enrollment_date) VALUES (6, 19, 2, 'Spring', SYSDATE - 924);
INSERT INTO enrollments (enrollment_id, student_id, course_id, semester, enrollment_date) VALUES (7, 13, 16, 'Spring', SYSDATE - 916);
INSERT INTO enrollments (enrollment_id, student_id, course_id, semester, enrollment_date) VALUES (8, 18, 14, 'Spring', SYSDATE - 741);
INSERT INTO enrollments (enrollment_id, student_id, course_id, semester, enrollment_date) VALUES (9, 18, 8, 'Fall', SYSDATE - 985);
INSERT INTO enrollments (enrollment_id, student_id, course_id, semester, enrollment_date) VALUES (10, 11, 7, 'Fall', SYSDATE - 214);
INSERT INTO enrollments (enrollment_id, student_id, course_id, semester, enrollment_date) VALUES (11, 15, 9, 'Spring', SYSDATE - 142);
INSERT INTO enrollments (enrollment_id, student_id, course_id, semester, enrollment_date) VALUES (12, 5, 6, 'Spring', SYSDATE - 582);
INSERT INTO enrollments (enrollment_id, student_id, course_id, semester, enrollment_date) VALUES (13, 8, 14, 'Summer', SYSDATE - 28);
INSERT INTO enrollments (enrollment_id, student_id, course_id, semester, enrollment_date) VALUES (14, 12, 3, 'Fall', SYSDATE - 494);
INSERT INTO enrollments (enrollment_id, student_id, course_id, semester, enrollment_date) VALUES (15, 4, 15, 'Summer', SYSDATE - 357);
INSERT INTO enrollments (enrollment_id, student_id, course_id, semester, enrollment_date) VALUES (16, 11, 3, 'Summer', SYSDATE - 933);
INSERT INTO enrollments (enrollment_id, student_id, course_id, semester, enrollment_date) VALUES (17, 12, 14, 'Summer', SYSDATE - 572);
INSERT INTO enrollments (enrollment_id, student_id, course_id, semester, enrollment_date) VALUES (18, 18, 16, 'Summer', SYSDATE - 257);
INSERT INTO enrollments (enrollment_id, student_id, course_id, semester, enrollment_date) VALUES (19, 9, 13, 'Fall', SYSDATE - 6);
INSERT INTO enrollments (enrollment_id, student_id, course_id, semester, enrollment_date) VALUES (20, 9, 4, 'Summer', SYSDATE - 279);
INSERT INTO enrollments (enrollment_id, student_id, course_id, semester, enrollment_date) VALUES (21, 15, 14, 'Spring', SYSDATE - 454);
INSERT INTO enrollments (enrollment_id, student_id, course_id, semester, enrollment_date) VALUES (22, 11, 7, 'Spring', SYSDATE - 296);
INSERT INTO enrollments (enrollment_id, student_id, course_id, semester, enrollment_date) VALUES (23, 1, 6, 'Fall', SYSDATE - 843);
INSERT INTO enrollments (enrollment_id, student_id, course_id, semester, enrollment_date) VALUES (24, 16, 15, 'Fall', SYSDATE - 994);
INSERT INTO enrollments (enrollment_id, student_id, course_id, semester, enrollment_date) VALUES (25, 20, 12, 'Spring', SYSDATE - 267);
INSERT INTO enrollments (enrollment_id, student_id, course_id, semester, enrollment_date) VALUES (26, 9, 13, 'Spring', SYSDATE - 881);
INSERT INTO enrollments (enrollment_id, student_id, course_id, semester, enrollment_date) VALUES (27, 17, 19, 'Summer', SYSDATE - 440);
INSERT INTO enrollments (enrollment_id, student_id, course_id, semester, enrollment_date) VALUES (28, 15, 9, 'Spring', SYSDATE - 217);
INSERT INTO enrollments (enrollment_id, student_id, course_id, semester, enrollment_date) VALUES (29, 6, 6, 'Fall', SYSDATE - 692);
INSERT INTO enrollments (enrollment_id, student_id, course_id, semester, enrollment_date) VALUES (30, 16, 17, 'Spring', SYSDATE - 672);
INSERT INTO enrollments (enrollment_id, student_id, course_id, semester, enrollment_date) VALUES (31, 1, 20, 'Fall', SYSDATE - 542);
INSERT INTO enrollments (enrollment_id, student_id, course_id, semester, enrollment_date) VALUES (32, 20, 16, 'Summer', SYSDATE - 450);
INSERT INTO enrollments (enrollment_id, student_id, course_id, semester, enrollment_date) VALUES (33, 9, 5, 'Spring', SYSDATE - 541);
INSERT INTO enrollments (enrollment_id, student_id, course_id, semester, enrollment_date) VALUES (34, 11, 7, 'Fall', SYSDATE - 650);
INSERT INTO enrollments (enrollment_id, student_id, course_id, semester, enrollment_date) VALUES (35, 14, 1, 'Spring', SYSDATE - 479);
INSERT INTO enrollments (enrollment_id, student_id, course_id, semester, enrollment_date) VALUES (36, 20, 11, 'Fall', SYSDATE - 263);
INSERT INTO enrollments (enrollment_id, student_id, course_id, semester, enrollment_date) VALUES (37, 14, 20, 'Spring', SYSDATE - 730);
INSERT INTO enrollments (enrollment_id, student_id, course_id, semester, enrollment_date) VALUES (38, 5, 17, 'Summer', SYSDATE - 384);
INSERT INTO enrollments (enrollment_id, student_id, course_id, semester, enrollment_date) VALUES (39, 12, 14, 'Fall', SYSDATE - 0);
INSERT INTO enrollments (enrollment_id, student_id, course_id, semester, enrollment_date) VALUES (40, 8, 2, 'Summer', SYSDATE - 584);
INSERT INTO enrollments (enrollment_id, student_id, course_id, semester, enrollment_date) VALUES (41, 17, 11, 'Spring', SYSDATE - 35);
INSERT INTO enrollments (enrollment_id, student_id, course_id, semester, enrollment_date) VALUES (42, 11, 20, 'Spring', SYSDATE - 189);
INSERT INTO enrollments (enrollment_id, student_id, course_id, semester, enrollment_date) VALUES (43, 18, 13, 'Summer', SYSDATE - 659);
INSERT INTO enrollments (enrollment_id, student_id, course_id, semester, enrollment_date) VALUES (44, 8, 3, 'Spring', SYSDATE - 961);
INSERT INTO enrollments (enrollment_id, student_id, course_id, semester, enrollment_date) VALUES (45, 15, 5, 'Spring', SYSDATE - 628);

-- Grades Data

INSERT INTO grades (grade_id, enrollment_id, grade_letter, grade_points) VALUES (1, 1, 'D', 1.0);
INSERT INTO grades (grade_id, enrollment_id, grade_letter, grade_points) VALUES (2, 2, 'B', 3.0);
INSERT INTO grades (grade_id, enrollment_id, grade_letter, grade_points) VALUES (3, 3, 'F', 0.0);
INSERT INTO grades (grade_id, enrollment_id, grade_letter, grade_points) VALUES (4, 4, 'D', 1.0);
INSERT INTO grades (grade_id, enrollment_id, grade_letter, grade_points) VALUES (5, 5, 'C', 2.0);
INSERT INTO grades (grade_id, enrollment_id, grade_letter, grade_points) VALUES (6, 6, 'B', 3.0);
INSERT INTO grades (grade_id, enrollment_id, grade_letter, grade_points) VALUES (7, 7, 'F', 0.0);
INSERT INTO grades (grade_id, enrollment_id, grade_letter, grade_points) VALUES (8, 8, 'A', 4.0);
INSERT INTO grades (grade_id, enrollment_id, grade_letter, grade_points) VALUES (9, 9, 'A', 4.0);
INSERT INTO grades (grade_id, enrollment_id, grade_letter, grade_points) VALUES (10, 10, 'F', 0.0);
INSERT INTO grades (grade_id, enrollment_id, grade_letter, grade_points) VALUES (11, 11, 'F', 0.0);
INSERT INTO grades (grade_id, enrollment_id, grade_letter, grade_points) VALUES (12, 12, 'A', 4.0);
INSERT INTO grades (grade_id, enrollment_id, grade_letter, grade_points) VALUES (13, 13, 'D', 1.0);
INSERT INTO grades (grade_id, enrollment_id, grade_letter, grade_points) VALUES (14, 14, 'C', 2.0);
INSERT INTO grades (grade_id, enrollment_id, grade_letter, grade_points) VALUES (15, 15, 'D', 1.0);
INSERT INTO grades (grade_id, enrollment_id, grade_letter, grade_points) VALUES (16, 16, 'D', 1.0);
INSERT INTO grades (grade_id, enrollment_id, grade_letter, grade_points) VALUES (17, 17, 'D', 1.0);
INSERT INTO grades (grade_id, enrollment_id, grade_letter, grade_points) VALUES (18, 18, 'F', 0.0);
INSERT INTO grades (grade_id, enrollment_id, grade_letter, grade_points) VALUES (19, 19, 'F', 0.0);
INSERT INTO grades (grade_id, enrollment_id, grade_letter, grade_points) VALUES (20, 20, 'D', 1.0);
INSERT INTO grades (grade_id, enrollment_id, grade_letter, grade_points) VALUES (21, 21, 'B', 3.0);
INSERT INTO grades (grade_id, enrollment_id, grade_letter, grade_points) VALUES (22, 22, 'C', 2.0);
INSERT INTO grades (grade_id, enrollment_id, grade_letter, grade_points) VALUES (23, 23, 'F', 0.0);
INSERT INTO grades (grade_id, enrollment_id, grade_letter, grade_points) VALUES (24, 24, 'A', 4.0);
INSERT INTO grades (grade_id, enrollment_id, grade_letter, grade_points) VALUES (25, 25, 'C', 2.0);
INSERT INTO grades (grade_id, enrollment_id, grade_letter, grade_points) VALUES (26, 26, 'A', 4.0);
INSERT INTO grades (grade_id, enrollment_id, grade_letter, grade_points) VALUES (27, 27, 'D', 1.0);
INSERT INTO grades (grade_id, enrollment_id, grade_letter, grade_points) VALUES (28, 28, 'B', 3.0);
INSERT INTO grades (grade_id, enrollment_id, grade_letter, grade_points) VALUES (29, 29, 'C', 2.0);
INSERT INTO grades (grade_id, enrollment_id, grade_letter, grade_points) VALUES (30, 30, 'D', 1.0);
INSERT INTO grades (grade_id, enrollment_id, grade_letter, grade_points) VALUES (31, 31, 'B', 3.0);
INSERT INTO grades (grade_id, enrollment_id, grade_letter, grade_points) VALUES (32, 32, 'B', 3.0);
INSERT INTO grades (grade_id, enrollment_id, grade_letter, grade_points) VALUES (33, 33, 'C', 2.0);
INSERT INTO grades (grade_id, enrollment_id, grade_letter, grade_points) VALUES (34, 34, 'B', 3.0);
INSERT INTO grades (grade_id, enrollment_id, grade_letter, grade_points) VALUES (35, 35, 'D', 1.0);
INSERT INTO grades (grade_id, enrollment_id, grade_letter, grade_points) VALUES (36, 36, 'B', 3.0);
INSERT INTO grades (grade_id, enrollment_id, grade_letter, grade_points) VALUES (37, 37, 'C', 2.0);
INSERT INTO grades (grade_id, enrollment_id, grade_letter, grade_points) VALUES (38, 38, 'C', 2.0);
INSERT INTO grades (grade_id, enrollment_id, grade_letter, grade_points) VALUES (39, 39, 'C', 2.0);
INSERT INTO grades (grade_id, enrollment_id, grade_letter, grade_points) VALUES (40, 40, 'B', 3.0);
INSERT INTO grades (grade_id, enrollment_id, grade_letter, grade_points) VALUES (41, 41, 'C', 2.0);
INSERT INTO grades (grade_id, enrollment_id, grade_letter, grade_points) VALUES (42, 42, 'D', 1.0);
INSERT INTO grades (grade_id, enrollment_id, grade_letter, grade_points) VALUES (43, 43, 'A', 4.0);
INSERT INTO grades (grade_id, enrollment_id, grade_letter, grade_points) VALUES (44, 44, 'F', 0.0);
INSERT INTO grades (grade_id, enrollment_id, grade_letter, grade_points) VALUES (45, 45, 'D', 1.0);

-- DUMMY DATA FOR audit_grade TABLE
INSERT INTO audit_grade (grade_id, enrollment_id, old_letter, new_letter, old_points, new_points, changed_by, changed_date) VALUES (1, 12, 'F', 'D', 0.0, 1.0, 'PROF_A', TO_DATE('2022-05-29', 'YYYY-MM-DD'));
INSERT INTO audit_grade (grade_id, enrollment_id, old_letter, new_letter, old_points, new_points, changed_by, changed_date) VALUES (2, 17, 'B', 'D', 3.0, 1.0, 'USER1', TO_DATE('2021-07-26', 'YYYY-MM-DD'));
INSERT INTO audit_grade (grade_id, enrollment_id, old_letter, new_letter, old_points, new_points, changed_by, changed_date) VALUES (3, 29, 'C', 'F', 2.0, 0.0, 'SYSTEM', TO_DATE('2025-05-08', 'YYYY-MM-DD'));
INSERT INTO audit_grade (grade_id, enrollment_id, old_letter, new_letter, old_points, new_points, changed_by, changed_date) VALUES (4, 31, 'F', 'A', 0.0, 4.0, 'USER1', TO_DATE('2020-11-17', 'YYYY-MM-DD'));
INSERT INTO audit_grade (grade_id, enrollment_id, old_letter, new_letter, old_points, new_points, changed_by, changed_date) VALUES (5, 40, 'A', 'F', 4.0, 0.0, 'USER1', TO_DATE('2024-09-10', 'YYYY-MM-DD'));
INSERT INTO audit_grade (grade_id, enrollment_id, old_letter, new_letter, old_points, new_points, changed_by, changed_date) VALUES (6, 5, 'F', 'D', 0.0, 1.0, 'PROF_B', TO_DATE('2023-09-22', 'YYYY-MM-DD'));
INSERT INTO audit_grade (grade_id, enrollment_id, old_letter, new_letter, old_points, new_points, changed_by, changed_date) VALUES (7, 45, 'B', 'F', 3.0, 0.0, 'ADMIN', TO_DATE('2021-07-31', 'YYYY-MM-DD'));
INSERT INTO audit_grade (grade_id, enrollment_id, old_letter, new_letter, old_points, new_points, changed_by, changed_date) VALUES (8, 3, 'B', 'D', 3.0, 1.0, 'PROF_A', TO_DATE('2021-03-23', 'YYYY-MM-DD'));
INSERT INTO audit_grade (grade_id, enrollment_id, old_letter, new_letter, old_points, new_points, changed_by, changed_date) VALUES (9, 40, 'F', 'D', 0.0, 1.0, 'SYSTEM', TO_DATE('2024-03-20', 'YYYY-MM-DD'));
INSERT INTO audit_grade (grade_id, enrollment_id, old_letter, new_letter, old_points, new_points, changed_by, changed_date) VALUES (10, 11, 'F', 'C', 0.0, 2.0, 'SYSTEM', TO_DATE('2021-09-11', 'YYYY-MM-DD'));
INSERT INTO audit_grade (grade_id, enrollment_id, old_letter, new_letter, old_points, new_points, changed_by, changed_date) VALUES (11, 45, 'B', 'F', 3.0, 0.0, 'USER2', TO_DATE('2025-01-19', 'YYYY-MM-DD'));
INSERT INTO audit_grade (grade_id, enrollment_id, old_letter, new_letter, old_points, new_points, changed_by, changed_date) VALUES (12, 12, 'C', 'B', 2.0, 3.0, 'USER2', TO_DATE('2024-04-24', 'YYYY-MM-DD'));
INSERT INTO audit_grade (grade_id, enrollment_id, old_letter, new_letter, old_points, new_points, changed_by, changed_date) VALUES (13, 10, 'B', 'D', 3.0, 1.0, 'PROF_B', TO_DATE('2024-07-07', 'YYYY-MM-DD'));
INSERT INTO audit_grade (grade_id, enrollment_id, old_letter, new_letter, old_points, new_points, changed_by, changed_date) VALUES (14, 41, 'D', 'A', 1.0, 4.0, 'USER1', TO_DATE('2023-08-23', 'YYYY-MM-DD'));
INSERT INTO audit_grade (grade_id, enrollment_id, old_letter, new_letter, old_points, new_points, changed_by, changed_date) VALUES (15, 7, 'C', 'B', 2.0, 3.0, 'USER2', TO_DATE('2021-12-16', 'YYYY-MM-DD'));
INSERT INTO audit_grade (grade_id, enrollment_id, old_letter, new_letter, old_points, new_points, changed_by, changed_date) VALUES (16, 43, 'B', 'C', 3.0, 2.0, 'PROF_B', TO_DATE('2023-02-17', 'YYYY-MM-DD'));
INSERT INTO audit_grade (grade_id, enrollment_id, old_letter, new_letter, old_points, new_points, changed_by, changed_date) VALUES (17, 29, 'C', 'B', 2.0, 3.0, 'USER2', TO_DATE('2022-12-23', 'YYYY-MM-DD'));
INSERT INTO audit_grade (grade_id, enrollment_id, old_letter, new_letter, old_points, new_points, changed_by, changed_date) VALUES (18, 44, 'F', 'B', 0.0, 3.0, 'SYSTEM', TO_DATE('2022-04-14', 'YYYY-MM-DD'));
INSERT INTO audit_grade (grade_id, enrollment_id, old_letter, new_letter, old_points, new_points, changed_by, changed_date) VALUES (19, 33, 'B', 'C', 3.0, 2.0, 'USER1', TO_DATE('2023-08-06', 'YYYY-MM-DD'));
INSERT INTO audit_grade (grade_id, enrollment_id, old_letter, new_letter, old_points, new_points, changed_by, changed_date) VALUES (20, 14, 'B', 'C', 3.0, 2.0, 'SYSTEM', TO_DATE('2020-11-19', 'YYYY-MM-DD'));
INSERT INTO audit_grade (grade_id, enrollment_id, old_letter, new_letter, old_points, new_points, changed_by, changed_date) VALUES (21, 21, 'A', 'B', 4.0, 3.0, 'PROF_B', TO_DATE('2025-04-13', 'YYYY-MM-DD'));
INSERT INTO audit_grade (grade_id, enrollment_id, old_letter, new_letter, old_points, new_points, changed_by, changed_date) VALUES (22, 34, 'D', 'C', 1.0, 2.0, 'PROF_A', TO_DATE('2023-12-13', 'YYYY-MM-DD'));
INSERT INTO audit_grade (grade_id, enrollment_id, old_letter, new_letter, old_points, new_points, changed_by, changed_date) VALUES (23, 26, 'D', 'F', 1.0, 0.0, 'PROF_B', TO_DATE('2023-08-25', 'YYYY-MM-DD'));
INSERT INTO audit_grade (grade_id, enrollment_id, old_letter, new_letter, old_points, new_points, changed_by, changed_date) VALUES (24, 25, 'A', 'F', 4.0, 0.0, 'PROF_B', TO_DATE('2024-06-10', 'YYYY-MM-DD'));
INSERT INTO audit_grade (grade_id, enrollment_id, old_letter, new_letter, old_points, new_points, changed_by, changed_date) VALUES (25, 34, 'C', 'D', 2.0, 1.0, 'USER1', TO_DATE('2022-05-31', 'YYYY-MM-DD'));
INSERT INTO audit_grade (grade_id, enrollment_id, old_letter, new_letter, old_points, new_points, changed_by, changed_date) VALUES (26, 24, 'F', 'C', 0.0, 2.0, 'SYSTEM', TO_DATE('2024-05-23', 'YYYY-MM-DD'));
INSERT INTO audit_grade (grade_id, enrollment_id, old_letter, new_letter, old_points, new_points, changed_by, changed_date) VALUES (27, 10, 'C', 'D', 2.0, 1.0, 'USER1', TO_DATE('2023-01-22', 'YYYY-MM-DD'));
INSERT INTO audit_grade (grade_id, enrollment_id, old_letter, new_letter, old_points, new_points, changed_by, changed_date) VALUES (28, 19, 'B', 'C', 3.0, 2.0, 'USER2', TO_DATE('2024-07-05', 'YYYY-MM-DD'));
INSERT INTO audit_grade (grade_id, enrollment_id, old_letter, new_letter, old_points, new_points, changed_by, changed_date) VALUES (29, 33, 'C', 'B', 2.0, 3.0, 'PROF_B', TO_DATE('2021-06-16', 'YYYY-MM-DD'));
INSERT INTO audit_grade (grade_id, enrollment_id, old_letter, new_letter, old_points, new_points, changed_by, changed_date) VALUES (30, 12, 'B', 'F', 3.0, 0.0, 'ADMIN', TO_DATE('2025-08-02', 'YYYY-MM-DD'));
INSERT INTO audit_grade (grade_id, enrollment_id, old_letter, new_letter, old_points, new_points, changed_by, changed_date) VALUES (31, 40, 'A', 'B', 4.0, 3.0, 'USER2', TO_DATE('2022-06-29', 'YYYY-MM-DD'));
INSERT INTO audit_grade (grade_id, enrollment_id, old_letter, new_letter, old_points, new_points, changed_by, changed_date) VALUES (32, 41, 'B', 'D', 3.0, 1.0, 'USER2', TO_DATE('2023-02-14', 'YYYY-MM-DD'));
INSERT INTO audit_grade (grade_id, enrollment_id, old_letter, new_letter, old_points, new_points, changed_by, changed_date) VALUES (33, 13, 'A', 'B', 4.0, 3.0, 'PROF_B', TO_DATE('2022-06-12', 'YYYY-MM-DD'));
INSERT INTO audit_grade (grade_id, enrollment_id, old_letter, new_letter, old_points, new_points, changed_by, changed_date) VALUES (34, 24, 'A', 'D', 4.0, 1.0, 'PROF_A', TO_DATE('2021-04-16', 'YYYY-MM-DD'));
INSERT INTO audit_grade (grade_id, enrollment_id, old_letter, new_letter, old_points, new_points, changed_by, changed_date) VALUES (35, 26, 'A', 'C', 4.0, 2.0, 'PROF_A', TO_DATE('2021-03-06', 'YYYY-MM-DD'));
INSERT INTO audit_grade (grade_id, enrollment_id, old_letter, new_letter, old_points, new_points, changed_by, changed_date) VALUES (36, 10, 'C', 'B', 2.0, 3.0, 'ADMIN', TO_DATE('2025-05-17', 'YYYY-MM-DD'));
INSERT INTO audit_grade (grade_id, enrollment_id, old_letter, new_letter, old_points, new_points, changed_by, changed_date) VALUES (37, 12, 'C', 'D', 2.0, 1.0, 'USER2', TO_DATE('2021-06-25', 'YYYY-MM-DD'));
INSERT INTO audit_grade (grade_id, enrollment_id, old_letter, new_letter, old_points, new_points, changed_by, changed_date) VALUES (38, 23, 'B', 'F', 3.0, 0.0, 'PROF_A', TO_DATE('2024-12-11', 'YYYY-MM-DD'));
INSERT INTO audit_grade (grade_id, enrollment_id, old_letter, new_letter, old_points, new_points, changed_by, changed_date) VALUES (39, 7, 'F', 'C', 0.0, 2.0, 'USER1', TO_DATE('2024-01-26', 'YYYY-MM-DD'));
INSERT INTO audit_grade (grade_id, enrollment_id, old_letter, new_letter, old_points, new_points, changed_by, changed_date) VALUES (40, 6, 'B', 'D', 3.0, 1.0, 'SYSTEM', TO_DATE('2021-12-16', 'YYYY-MM-DD'));
INSERT INTO audit_grade (grade_id, enrollment_id, old_letter, new_letter, old_points, new_points, changed_by, changed_date) VALUES (41, 8, 'B', 'C', 3.0, 2.0, 'SYSTEM', TO_DATE('2022-07-26', 'YYYY-MM-DD'));
INSERT INTO audit_grade (grade_id, enrollment_id, old_letter, new_letter, old_points, new_points, changed_by, changed_date) VALUES (42, 28, 'C', 'D', 2.0, 1.0, 'ADMIN', TO_DATE('2025-06-11', 'YYYY-MM-DD'));
INSERT INTO audit_grade (grade_id, enrollment_id, old_letter, new_letter, old_points, new_points, changed_by, changed_date) VALUES (43, 9, 'A', 'B', 4.0, 3.0, 'USER1', TO_DATE('2022-07-14', 'YYYY-MM-DD'));
INSERT INTO audit_grade (grade_id, enrollment_id, old_letter, new_letter, old_points, new_points, changed_by, changed_date) VALUES (44, 22, 'A', 'B', 4.0, 3.0, 'PROF_B', TO_DATE('2022-01-29', 'YYYY-MM-DD'));
INSERT INTO audit_grade (grade_id, enrollment_id, old_letter, new_letter, old_points, new_points, changed_by, changed_date) VALUES (45, 15, 'A', 'B', 4.0, 3.0, 'SYSTEM', TO_DATE('2023-05-08', 'YYYY-MM-DD'));
INSERT INTO audit_grade (grade_id, enrollment_id, old_letter, new_letter, old_points, new_points, changed_by, changed_date) VALUES (46, 44, 'B', 'D', 3.0, 1.0, 'SYSTEM', TO_DATE('2025-08-22', 'YYYY-MM-DD'));
INSERT INTO audit_grade (grade_id, enrollment_id, old_letter, new_letter, old_points, new_points, changed_by, changed_date) VALUES (47, 23, 'C', 'D', 2.0, 1.0, 'SYSTEM', TO_DATE('2025-10-27', 'YYYY-MM-DD'));
INSERT INTO audit_grade (grade_id, enrollment_id, old_letter, new_letter, old_points, new_points, changed_by, changed_date) VALUES (48, 3, 'B', 'A', 3.0, 4.0, 'PROF_B', TO_DATE('2022-10-28', 'YYYY-MM-DD'));
INSERT INTO audit_grade (grade_id, enrollment_id, old_letter, new_letter, old_points, new_points, changed_by, changed_date) VALUES (49, 17, 'D', 'A', 1.0, 4.0, 'PROF_A', TO_DATE('2025-04-22', 'YYYY-MM-DD'));
INSERT INTO audit_grade (grade_id, enrollment_id, old_letter, new_letter, old_points, new_points, changed_by, changed_date) VALUES (50, 12, 'F', 'B', 0.0, 3.0, 'PROF_A', TO_DATE('2025-05-18', 'YYYY-MM-DD'));
INSERT INTO audit_grade (grade_id, enrollment_id, old_letter, new_letter, old_points, new_points, changed_by, changed_date) VALUES (51, 3, 'B', 'A', 3.0, 4.0, 'USER2', TO_DATE('2023-07-07', 'YYYY-MM-DD'));
INSERT INTO audit_grade (grade_id, enrollment_id, old_letter, new_letter, old_points, new_points, changed_by, changed_date) VALUES (52, 11, 'F', 'A', 0.0, 4.0, 'USER1', TO_DATE('2022-03-02', 'YYYY-MM-DD'));
INSERT INTO audit_grade (grade_id, enrollment_id, old_letter, new_letter, old_points, new_points, changed_by, changed_date) VALUES (53, 4, 'B', 'F', 3.0, 0.0, 'ADMIN', TO_DATE('2023-05-10', 'YYYY-MM-DD'));
INSERT INTO audit_grade (grade_id, enrollment_id, old_letter, new_letter, old_points, new_points, changed_by, changed_date) VALUES (54, 41, 'A', 'D', 4.0, 1.0, 'USER2', TO_DATE('2024-08-15', 'YYYY-MM-DD'));
INSERT INTO audit_grade (grade_id, enrollment_id, old_letter, new_letter, old_points, new_points, changed_by, changed_date) VALUES (55, 37, 'B', 'A', 3.0, 4.0, 'SYSTEM', TO_DATE('2025-06-03', 'YYYY-MM-DD'));
INSERT INTO audit_grade (grade_id, enrollment_id, old_letter, new_letter, old_points, new_points, changed_by, changed_date) VALUES (56, 16, 'A', 'F', 4.0, 0.0, 'ADMIN', TO_DATE('2022-10-05', 'YYYY-MM-DD'));
INSERT INTO audit_grade (grade_id, enrollment_id, old_letter, new_letter, old_points, new_points, changed_by, changed_date) VALUES (57, 40, 'C', 'B', 2.0, 3.0, 'PROF_B', TO_DATE('2024-06-25', 'YYYY-MM-DD'));
INSERT INTO audit_grade (grade_id, enrollment_id, old_letter, new_letter, old_points, new_points, changed_by, changed_date) VALUES (58, 5, 'D', 'A', 1.0, 4.0, 'USER2', TO_DATE('2022-11-15', 'YYYY-MM-DD'));
INSERT INTO audit_grade (grade_id, enrollment_id, old_letter, new_letter, old_points, new_points, changed_by, changed_date) VALUES (59, 41, 'C', 'F', 2.0, 0.0, 'USER2', TO_DATE('2021-06-16', 'YYYY-MM-DD'));
INSERT INTO audit_grade (grade_id, enrollment_id, old_letter, new_letter, old_points, new_points, changed_by, changed_date) VALUES (60, 7, 'F', 'C', 0.0, 2.0, 'SYSTEM', TO_DATE('2021-01-20', 'YYYY-MM-DD'));
INSERT INTO audit_grade (grade_id, enrollment_id, old_letter, new_letter, old_points, new_points, changed_by, changed_date) VALUES (61, 25, 'B', 'C', 3.0, 2.0, 'USER1', TO_DATE('2025-01-03', 'YYYY-MM-DD'));
INSERT INTO audit_grade (grade_id, enrollment_id, old_letter, new_letter, old_points, new_points, changed_by, changed_date) VALUES (62, 39, 'C', 'F', 2.0, 0.0, 'SYSTEM', TO_DATE('2024-08-07', 'YYYY-MM-DD'));
INSERT INTO audit_grade (grade_id, enrollment_id, old_letter, new_letter, old_points, new_points, changed_by, changed_date) VALUES (63, 44, 'C', 'A', 2.0, 4.0, 'ADMIN', TO_DATE('2022-01-28', 'YYYY-MM-DD'));
INSERT INTO audit_grade (grade_id, enrollment_id, old_letter, new_letter, old_points, new_points, changed_by, changed_date) VALUES (64, 27, 'D', 'B', 1.0, 3.0, 'ADMIN', TO_DATE('2024-04-14', 'YYYY-MM-DD'));
INSERT INTO audit_grade (grade_id, enrollment_id, old_letter, new_letter, old_points, new_points, changed_by, changed_date) VALUES (65, 5, 'A', 'F', 4.0, 0.0, 'USER2', TO_DATE('2024-04-16', 'YYYY-MM-DD'));
INSERT INTO audit_grade (grade_id, enrollment_id, old_letter, new_letter, old_points, new_points, changed_by, changed_date) VALUES (66, 36, 'B', 'F', 3.0, 0.0, 'PROF_A', TO_DATE('2021-02-22', 'YYYY-MM-DD'));
INSERT INTO audit_grade (grade_id, enrollment_id, old_letter, new_letter, old_points, new_points, changed_by, changed_date) VALUES (67, 2, 'D', 'A', 1.0, 4.0, 'SYSTEM', TO_DATE('2023-05-25', 'YYYY-MM-DD'));
INSERT INTO audit_grade (grade_id, enrollment_id, old_letter, new_letter, old_points, new_points, changed_by, changed_date) VALUES (68, 37, 'C', 'A', 2.0, 4.0, 'PROF_B', TO_DATE('2021-07-08', 'YYYY-MM-DD'));
INSERT INTO audit_grade (grade_id, enrollment_id, old_letter, new_letter, old_points, new_points, changed_by, changed_date) VALUES (69, 5, 'C', 'D', 2.0, 1.0, 'PROF_A', TO_DATE('2022-12-25', 'YYYY-MM-DD'));
INSERT INTO audit_grade (grade_id, enrollment_id, old_letter, new_letter, old_points, new_points, changed_by, changed_date) VALUES (70, 27, 'A', 'B', 4.0, 3.0, 'PROF_A', TO_DATE('2024-11-16', 'YYYY-MM-DD'));
INSERT INTO audit_grade (grade_id, enrollment_id, old_letter, new_letter, old_points, new_points, changed_by, changed_date) VALUES (71, 6, 'D', 'C', 1.0, 2.0, 'USER1', TO_DATE('2024-04-26', 'YYYY-MM-DD'));
INSERT INTO audit_grade (grade_id, enrollment_id, old_letter, new_letter, old_points, new_points, changed_by, changed_date) VALUES (72, 37, 'A', 'C', 4.0, 2.0, 'PROF_B', TO_DATE('2025-08-07', 'YYYY-MM-DD'));
INSERT INTO audit_grade (grade_id, enrollment_id, old_letter, new_letter, old_points, new_points, changed_by, changed_date) VALUES (73, 29, 'B', 'C', 3.0, 2.0, 'USER1', TO_DATE('2021-01-12', 'YYYY-MM-DD'));
INSERT INTO audit_grade (grade_id, enrollment_id, old_letter, new_letter, old_points, new_points, changed_by, changed_date) VALUES (74, 25, 'C', 'D', 2.0, 1.0, 'ADMIN', TO_DATE('2025-05-19', 'YYYY-MM-DD'));
INSERT INTO audit_grade (grade_id, enrollment_id, old_letter, new_letter, old_points, new_points, changed_by, changed_date) VALUES (75, 32, 'B', 'A', 3.0, 4.0, 'ADMIN', TO_DATE('2021-09-16', 'YYYY-MM-DD'));
INSERT INTO audit_grade (grade_id, enrollment_id, old_letter, new_letter, old_points, new_points, changed_by, changed_date) VALUES (76, 2, 'D', 'A', 1.0, 4.0, 'PROF_B', TO_DATE('2022-11-05', 'YYYY-MM-DD'));
INSERT INTO audit_grade (grade_id, enrollment_id, old_letter, new_letter, old_points, new_points, changed_by, changed_date) VALUES (77, 18, 'F', 'D', 0.0, 1.0, 'PROF_A', TO_DATE('2023-09-22', 'YYYY-MM-DD'));
INSERT INTO audit_grade (grade_id, enrollment_id, old_letter, new_letter, old_points, new_points, changed_by, changed_date) VALUES (78, 43, 'F', 'A', 0.0, 4.0, 'PROF_A', TO_DATE('2024-01-18', 'YYYY-MM-DD'));
INSERT INTO audit_grade (grade_id, enrollment_id, old_letter, new_letter, old_points, new_points, changed_by, changed_date) VALUES (79, 22, 'D', 'F', 1.0, 0.0, 'USER2', TO_DATE('2024-06-09', 'YYYY-MM-DD'));
INSERT INTO audit_grade (grade_id, enrollment_id, old_letter, new_letter, old_points, new_points, changed_by, changed_date) VALUES (80, 28, 'A', 'C', 4.0, 2.0, 'USER2', TO_DATE('2021-08-18', 'YYYY-MM-DD'));
INSERT INTO audit_grade (grade_id, enrollment_id, old_letter, new_letter, old_points, new_points, changed_by, changed_date) VALUES (81, 32, 'D', 'C', 1.0, 2.0, 'PROF_A', TO_DATE('2020-12-19', 'YYYY-MM-DD'));
INSERT INTO audit_grade (grade_id, enrollment_id, old_letter, new_letter, old_points, new_points, changed_by, changed_date) VALUES (82, 20, 'C', 'A', 2.0, 4.0, 'USER2', TO_DATE('2021-08-09', 'YYYY-MM-DD'));
INSERT INTO audit_grade (grade_id, enrollment_id, old_letter, new_letter, old_points, new_points, changed_by, changed_date) VALUES (83, 30, 'B', 'D', 3.0, 1.0, 'USER1', TO_DATE('2021-09-08', 'YYYY-MM-DD'));
INSERT INTO audit_grade (grade_id, enrollment_id, old_letter, new_letter, old_points, new_points, changed_by, changed_date) VALUES (84, 39, 'C', 'A', 2.0, 4.0, 'SYSTEM', TO_DATE('2024-03-03', 'YYYY-MM-DD'));
INSERT INTO audit_grade (grade_id, enrollment_id, old_letter, new_letter, old_points, new_points, changed_by, changed_date) VALUES (85, 41, 'C', 'B', 2.0, 3.0, 'USER2', TO_DATE('2025-07-12', 'YYYY-MM-DD'));
INSERT INTO audit_grade (grade_id, enrollment_id, old_letter, new_letter, old_points, new_points, changed_by, changed_date) VALUES (86, 10, 'A', 'D', 4.0, 1.0, 'ADMIN', TO_DATE('2023-09-29', 'YYYY-MM-DD'));
INSERT INTO audit_grade (grade_id, enrollment_id, old_letter, new_letter, old_points, new_points, changed_by, changed_date) VALUES (87, 2, 'A', 'D', 4.0, 1.0, 'PROF_A', TO_DATE('2021-03-28', 'YYYY-MM-DD'));
INSERT INTO audit_grade (grade_id, enrollment_id, old_letter, new_letter, old_points, new_points, changed_by, changed_date) VALUES (88, 2, 'C', 'F', 2.0, 0.0, 'USER2', TO_DATE('2022-10-10', 'YYYY-MM-DD'));
INSERT INTO audit_grade (grade_id, enrollment_id, old_letter, new_letter, old_points, new_points, changed_by, changed_date) VALUES (89, 40, 'B', 'C', 3.0, 2.0, 'PROF_B', TO_DATE('2024-04-15', 'YYYY-MM-DD'));
INSERT INTO audit_grade (grade_id, enrollment_id, old_letter, new_letter, old_points, new_points, changed_by, changed_date) VALUES (90, 20, 'B', 'F', 3.0, 0.0, 'USER2', TO_DATE('2023-04-20', 'YYYY-MM-DD'));
INSERT INTO audit_grade (grade_id, enrollment_id, old_letter, new_letter, old_points, new_points, changed_by, changed_date) VALUES (91, 4, 'B', 'D', 3.0, 1.0, 'USER2', TO_DATE('2024-03-20', 'YYYY-MM-DD'));
INSERT INTO audit_grade (grade_id, enrollment_id, old_letter, new_letter, old_points, new_points, changed_by, changed_date) VALUES (92, 33, 'F', 'D', 0.0, 1.0, 'USER1', TO_DATE('2024-05-08', 'YYYY-MM-DD'));
INSERT INTO audit_grade (grade_id, enrollment_id, old_letter, new_letter, old_points, new_points, changed_by, changed_date) VALUES (93, 12, 'D', 'A', 1.0, 4.0, 'PROF_A', TO_DATE('2022-03-26', 'YYYY-MM-DD'));
INSERT INTO audit_grade (grade_id, enrollment_id, old_letter, new_letter, old_points, new_points, changed_by, changed_date) VALUES (94, 31, 'D', 'A', 1.0, 4.0, 'PROF_A', TO_DATE('2021-12-18', 'YYYY-MM-DD'));
INSERT INTO audit_grade (grade_id, enrollment_id, old_letter, new_letter, old_points, new_points, changed_by, changed_date) VALUES (95, 4, 'F', 'C', 0.0, 2.0, 'ADMIN', TO_DATE('2021-01-30', 'YYYY-MM-DD'));
INSERT INTO audit_grade (grade_id, enrollment_id, old_letter, new_letter, old_points, new_points, changed_by, changed_date) VALUES (96, 37, 'A', 'F', 4.0, 0.0, 'SYSTEM', TO_DATE('2021-10-23', 'YYYY-MM-DD'));
INSERT INTO audit_grade (grade_id, enrollment_id, old_letter, new_letter, old_points, new_points, changed_by, changed_date) VALUES (97, 10, 'C', 'D', 2.0, 1.0, 'USER2', TO_DATE('2020-11-22', 'YYYY-MM-DD'));
INSERT INTO audit_grade (grade_id, enrollment_id, old_letter, new_letter, old_points, new_points, changed_by, changed_date) VALUES (98, 10, 'C', 'F', 2.0, 0.0, 'USER2', TO_DATE('2023-07-18', 'YYYY-MM-DD'));
INSERT INTO audit_grade (grade_id, enrollment_id, old_letter, new_letter, old_points, new_points, changed_by, changed_date) VALUES (99, 14, 'A', 'B', 4.0, 3.0, 'ADMIN', TO_DATE('2024-10-21', 'YYYY-MM-DD'));
INSERT INTO audit_grade (grade_id, enrollment_id, old_letter, new_letter, old_points, new_points, changed_by, changed_date) VALUES (100, 26, 'A', 'D', 4.0, 1.0, 'SYSTEM', TO_DATE('2024-09-22', 'YYYY-MM-DD'));


COMMIT;